<?xml version="1.0" encoding="UTF-8"?>
<!DOCTYPE albumsMortadelo [
    <!ELEMENT albumsMortadelo (album*)> 
    <!ELEMENT album (nombre, fecha)> 
    <!ELEMENT nombre (#PCDATA)> 
    <!ELEMENT fecha (#PCDATA)> 
    <!ATTLIST album id ID #REQUIRED> 
]>
<albumesMortadelo>
    <album id="a1">
        <nombre>El sulfato atómico</nombre>
        <fecha>1969</fecha>
    </album> 
    <album id="a2">
        <nombre>La caja de diez cerrojos</nombre>
        <fecha>1971</fecha>
    </album> 
    <album id="a3">
        <nombre>El otro yo del profesor Bacterio</nombre>
        <fecha>1973</fecha>
    </album> 
    <album id="a4">
        <nombre>Los cacharros majaretas</nombre>
        <fecha>1974</fecha>
    </album> 
</albumesMortadelo>